--ALL TABLE NAMES MUST BE LOWERCASE FOR PSQL TO ACKNOWLEDGE THEM
INSERT INTO "useraccount" (username,email,password,awardPoints) VALUES ('Serena','porttitor.vulputate@egestasSed.net','BLI77ESW4OA',49);
INSERT INTO "useraccount" (username,email,password,awardPoints) VALUES ('Brody','enim@mi.net','GSJ73LFO6JQ',18);
INSERT INTO "useraccount" (username,email,password,awardPoints) VALUES ('Eaton','nibh.vulputate@AeneanmassaInteger.org','VCE09CLS3WE',34);
INSERT INTO "useraccount" (username,email,password,awardPoints) VALUES ('Destiny','Cum.sociis.natoque@imperdiet.edu','FCT02GRE6KE',95);
INSERT INTO "useraccount" (username,email,password,awardPoints) VALUES ('Lewis','a.ultricies@maurissagittis.ca','ZEI64EIH5MA',38);
INSERT INTO "useraccount" (username,email,password,awardPoints) VALUES ('Leila','nisl.Quisque@idmollis.com','JDM54NTM4UB',37);
INSERT INTO "useraccount" (username,email,password,awardPoints) VALUES ('Porter','purus@et.org','IWR59CFH0XC',51);
INSERT INTO "useraccount" (username,email,password,awardPoints) VALUES ('Celeste','ligula@Integertinciduntaliquam.co.uk','SLS18FOP9VO',92);
INSERT INTO "useraccount" (username,email,password,awardPoints) VALUES ('Alexandra','euismod.ac.fermentum@Donecvitaeerat.com','WOH23XLF5PB',86);
INSERT INTO "useraccount" (username,email,password,awardPoints) VALUES ('Nasim','a@nonmassanon.com','ZMO57ICR3NV',8);
INSERT INTO "useraccount" (username,email,password,awardPoints) VALUES ('Brynne','risus@antelectus.com','QVB36RLE7ZN',14);
INSERT INTO "useraccount" (username,email,password,awardPoints) VALUES ('Brent','vitae.odio.sagittis@Integer.net','CUU16PHK4CO',79);
INSERT INTO "useraccount" (username,email,password,awardPoints) VALUES ('Paki','Phasellus.ornare.Fusce@variuset.com','QDL55YQJ0VA',35);
INSERT INTO "useraccount" (username,email,password,awardPoints) VALUES ('Rigel','eget.odio@in.com','FZQ08YGY4UL',95);
INSERT INTO "useraccount" (username,email,password,awardPoints) VALUES ('Kirsten','sagittis.Duis@aegetmetus.org','RVZ67PVO2DP',17);
INSERT INTO "useraccount" (username,email,password,awardPoints) VALUES ('Colby','est@MaurisaInteger.edu','FZU41XLI1YM',71);
INSERT INTO "useraccount" (username,email,password,awardPoints) VALUES ('Ishmael','natoque.penatibus.et@commodoipsum.ca','MNX97SVA7CL',66);
INSERT INTO "useraccount" (username,email,password,awardPoints) VALUES ('Ignacia','arcu@sitamet.net','YOB69AGT7VZ',68);
INSERT INTO "useraccount" (username,email,password,awardPoints) VALUES ('Howard','adipiscing@eudolor.co.uk','GDQ39KHV2LZ',51);
INSERT INTO "useraccount" (username,email,password,awardPoints) VALUES ('Hall','et@Namporttitorscelerisque.org','UVC39JMB1WU',5);
INSERT INTO "useraccount" (username,email,password,awardPoints) VALUES ('Mason','eu@felis.com','QFV08KMB4ER',30);
INSERT INTO "useraccount" (username,email,password,awardPoints) VALUES ('Zachary','cursus@id.org','ERH90QED7II',28);
INSERT INTO "useraccount" (username,email,password,awardPoints) VALUES ('Melinda','placerat.orci@lacus.co.uk','OAT40PWQ1VQ',17);
INSERT INTO "useraccount" (username,email,password,awardPoints) VALUES ('Timon','mauris.erat@turpis.ca','OYD94PPS3DN',33);
INSERT INTO "useraccount" (username,email,password,awardPoints) VALUES ('Nadine','ornare.sagittis.felis@rutrumeuultrices.com','WOD22VJO5RF',3);
INSERT INTO "useraccount" (username,email,password,awardPoints) VALUES ('Amethyst','elementum.at@tellusimperdietnon.ca','JZJ66ZNG2QB',17);
INSERT INTO "useraccount" (username,email,password,awardPoints) VALUES ('Giacomo','fermentum.arcu.Vestibulum@ornare.org','APU63TYE1IR',61);
INSERT INTO "useraccount" (username,email,password,awardPoints) VALUES ('Hanna','magna.a@arcuVivamussit.org','WXT59QML6NZ',21);
INSERT INTO "useraccount" (username,email,password,awardPoints) VALUES ('Dennis','laoreet.ipsum@ipsumsodalespurus.ca','HQZ63DQP3HL',40);
INSERT INTO "useraccount" (username,email,password,awardPoints) VALUES ('Kadeem','nisi.dictum.augue@pedeNunc.org','STZ66BIT9KW',21);
INSERT INTO "useraccount" (username,email,password,awardPoints) VALUES ('Camille','a.purus.Duis@dapibusidblandit.net','XQJ39KDQ6ET',25);
INSERT INTO "useraccount" (username,email,password,awardPoints) VALUES ('Dominique','Donec.egestas@pede.co.uk','FNM65MPA7IW',83);
INSERT INTO "useraccount" (username,email,password,awardPoints) VALUES ('Jacqueline','a.enim.Suspendisse@ipsumporta.org','FTH76VTR3DU',61);
INSERT INTO "useraccount" (username,email,password,awardPoints) VALUES ('Aquila','vulputate@insodales.net','DPD64QID6CJ',98);
INSERT INTO "useraccount" (username,email,password,awardPoints) VALUES ('Tana','et.magna.Praesent@scelerisquenequesed.ca','NSE25MDC9LU',69);
INSERT INTO "useraccount" (username,email,password,awardPoints) VALUES ('Dolan','Phasellus.fermentum@Duiscursus.net','PHE24PKQ8IT',28);
INSERT INTO "useraccount" (username,email,password,awardPoints) VALUES ('Mollie','eget.venenatis@velmauris.net','QOK52NUI4PG',75);
INSERT INTO "useraccount" (username,email,password,awardPoints) VALUES ('Nora','parturient.montes@vel.net','DWE09FSX7MU',18);
INSERT INTO "useraccount" (username,email,password,awardPoints) VALUES ('Thaddeus','nisi.Cum@molestiepharetra.net','VYM71UNS1CU',83);
INSERT INTO "useraccount" (username,email,password,awardPoints) VALUES ('Ezekiel','magna.et@montesnasceturridiculus.org','NBO37YVL0EX',55);

INSERT INTO "customer" (username) VALUES ('Serena');
INSERT INTO "customer" (username) VALUES ('Brody');
INSERT INTO "customer" (username) VALUES ('Eaton');
INSERT INTO "customer" (username) VALUES ('Destiny');
INSERT INTO "customer" (username) VALUES ('Lewis');
INSERT INTO "customer" (username) VALUES ('Leila');
INSERT INTO "customer" (username) VALUES ('Porter');
INSERT INTO "customer" (username) VALUES ('Celeste');
INSERT INTO "customer" (username) VALUES ('Alexandra');
INSERT INTO "customer" (username) VALUES ('Nasim');
INSERT INTO "customer" (username) VALUES ('Brynne');
INSERT INTO "customer" (username) VALUES ('Brent');
INSERT INTO "customer" (username) VALUES ('Paki');
INSERT INTO "customer" (username) VALUES ('Rigel');
INSERT INTO "customer" (username) VALUES ('Kirsten');
INSERT INTO "customer" (username) VALUES ('Colby');
INSERT INTO "customer" (username) VALUES ('Ishmael');
INSERT INTO "customer" (username) VALUES ('Ignacia');
INSERT INTO "customer" (username) VALUES ('Howard');
INSERT INTO "customer" (username) VALUES ('Hall');
INSERT INTO "customer" (username) VALUES ('Mason');
INSERT INTO "customer" (username) VALUES ('Zachary');
INSERT INTO "customer" (username) VALUES ('Melinda');
INSERT INTO "customer" (username) VALUES ('Timon');
INSERT INTO "customer" (username) VALUES ('Nadine');
INSERT INTO "customer" (username) VALUES ('Amethyst');
INSERT INTO "customer" (username) VALUES ('Giacomo');
INSERT INTO "customer" (username) VALUES ('Hanna');
INSERT INTO "customer" (username) VALUES ('Dennis');
INSERT INTO "customer" (username) VALUES ('Kadeem');

INSERT INTO "admin" (username) VALUES ('Camille');
INSERT INTO "admin" (username) VALUES ('Dominique');
INSERT INTO "admin" (username) VALUES ('Jacqueline');
INSERT INTO "admin" (username) VALUES ('Aquila');
INSERT INTO "admin" (username) VALUES ('Tana');
INSERT INTO "admin" (username) VALUES ('Dolan');
INSERT INTO "admin" (username) VALUES ('Mollie');
INSERT INTO "admin" (username) VALUES ('Nora');
INSERT INTO "admin" (username) VALUES ('Thaddeus');
INSERT INTO "admin" (username) VALUES ('Ezekiel');

INSERT INTO "friends" (myUsername, friendUsername) VALUES ('Serena', 'Kadeem');
INSERT INTO "friends" (myUsername, friendUsername) VALUES ('Brody', 'Dennis');
INSERT INTO "friends" (myUsername, friendUsername) VALUES ('Eaton', 'Hanna');
INSERT INTO "friends" (myUsername, friendUsername) VALUES ('Destiny', 'Giacomo');
INSERT INTO "friends" (myUsername, friendUsername) VALUES ('Lewis', 'Amethyst');

INSERT INTO "preferences" (username,prefCuisinetype,prefArea,prefBudget) VALUES ('Serena','Chinese','North',44);
INSERT INTO "preferences" (username,prefCuisinetype,prefArea,prefBudget) VALUES ('Brody','Chinese','North',40);
INSERT INTO "preferences" (username,prefCuisinetype,prefArea,prefBudget) VALUES ('Eaton','Chinese','North',70);
INSERT INTO "preferences" (username,prefCuisinetype,prefArea,prefBudget) VALUES ('Destiny','Chinese','North',66);
INSERT INTO "preferences" (username,prefCuisinetype,prefArea,prefBudget) VALUES ('Lewis','Chinese','North',29);
INSERT INTO "preferences" (username,prefCuisinetype,prefArea,prefBudget) VALUES ('Leila','Indian','North',43);
INSERT INTO "preferences" (username,prefCuisinetype,prefArea,prefBudget) VALUES ('Porter','Indian','South',91);
INSERT INTO "preferences" (username,prefCuisinetype,prefArea,prefBudget) VALUES ('Celeste','Indian','South',27);
INSERT INTO "preferences" (username,prefCuisinetype,prefArea,prefBudget) VALUES ('Alexandra','Indian','South',34);
INSERT INTO "preferences" (username,prefCuisinetype,prefArea,prefBudget) VALUES ('Nasim','Indian','South',92);
INSERT INTO "preferences" (username,prefCuisinetype,prefArea,prefBudget) VALUES ('Brynne','Japanese','South',40);
INSERT INTO "preferences" (username,prefCuisinetype,prefArea,prefBudget) VALUES ('Brent','Japanese','South',38);
INSERT INTO "preferences" (username,prefCuisinetype,prefArea,prefBudget) VALUES ('Paki','Japanese','East',44);
INSERT INTO "preferences" (username,prefCuisinetype,prefArea,prefBudget) VALUES ('Rigel','Japanese','East',48);
INSERT INTO "preferences" (username,prefCuisinetype,prefArea,prefBudget) VALUES ('Kirsten','Japanese','East',87);
INSERT INTO "preferences" (username,prefCuisinetype,prefArea,prefBudget) VALUES ('Colby','Western','East',31);
INSERT INTO "preferences" (username,prefCuisinetype,prefArea,prefBudget) VALUES ('Ishmael','Western','East',37);
INSERT INTO "preferences" (username,prefCuisinetype,prefArea,prefBudget) VALUES ('Ignacia','Western','East',85);
INSERT INTO "preferences" (username,prefCuisinetype,prefArea,prefBudget) VALUES ('Howard','Western','West',52);
INSERT INTO "preferences" (username,prefCuisinetype,prefArea,prefBudget) VALUES ('Hall','Western','West',75);
INSERT INTO "preferences" (username,prefCuisinetype,prefArea,prefBudget) VALUES ('Mason','Korean','West',72);
INSERT INTO "preferences" (username,prefCuisinetype,prefArea,prefBudget) VALUES ('Zachary','Korean','West',84);
INSERT INTO "preferences" (username,prefCuisinetype,prefArea,prefBudget) VALUES ('Melinda','Korean','West',47);
INSERT INTO "preferences" (username,prefCuisinetype,prefArea,prefBudget) VALUES ('Timon','Korean','West',68);
INSERT INTO "preferences" (username,prefCuisinetype,prefArea,prefBudget) VALUES ('Nadine','Korean','Central',45);
INSERT INTO "preferences" (username,prefCuisinetype,prefArea,prefBudget) VALUES ('Amethyst','Indonesian','Central',29);
INSERT INTO "preferences" (username,prefCuisinetype,prefArea,prefBudget) VALUES ('Giacomo','Indonesian','Central',33);
INSERT INTO "preferences" (username,prefCuisinetype,prefArea,prefBudget) VALUES ('Hanna','Indonesian','Central',66);
INSERT INTO "preferences" (username,prefCuisinetype,prefArea,prefBudget) VALUES ('Dennis','Indonesian','Central',45);
INSERT INTO "preferences" (username,prefCuisinetype,prefArea,prefBudget) VALUES ('Kadeem','Indonesian','Central',55);

INSERT INTO "restaurant" (RName,branchID,maxTables,OpeningHours,adminID) VALUES ('Astons','Ang Mo Kio',43,'0900','Camille');
INSERT INTO "restaurant" (RName,branchID,maxTables,OpeningHours,adminID) VALUES ('Astons','Clementi',34,'0900','Dominique');
INSERT INTO "restaurant" (RName,branchID,maxTables,OpeningHours,adminID) VALUES ('Itacho Sushi','Tampines',48,'0930','Dolan');
INSERT INTO "restaurant" (RName,branchID,maxTables,OpeningHours,adminID) VALUES ('Itacho Sushi','Jurong East',44,'0930','Nora');
INSERT INTO "restaurant" (RName,branchID,maxTables,OpeningHours,adminID) VALUES ('Din Tai Fung','Marina Bay',29,'0600','Thaddeus');

INSERT INTO "restaurantprofile" (RName,branchID,CuisineType,area) VALUES ('Astons','Ang Mo Kio','Western','North');
INSERT INTO "restaurantprofile" (RName,branchID,CuisineType,area) VALUES ('Astons','Clementi','Western','Central');
INSERT INTO "restaurantprofile" (RName,branchID,CuisineType,area) VALUES ('Itacho Sushi','Tampines','Japanese','East');
INSERT INTO "restaurantprofile" (RName,branchID,CuisineType,area) VALUES ('Itacho Sushi','Jurong East','Japanese','West');
INSERT INTO "restaurantprofile" (RName,branchID,CuisineType,area) VALUES ('Din Tai Fung','Marina Bay','Chinese','South');

INSERT INTO "favourites" (username,RName,branchID) VALUES ('Serena','Astons','Ang Mo Kio');
INSERT INTO "favourites" (username,RName,branchID) VALUES ('Brody','Itacho Sushi','Tampines');
INSERT INTO "favourites" (username,RName,branchID) VALUES ('Eaton','Itacho Sushi','Jurong East');
INSERT INTO "favourites" (username,RName,branchID) VALUES ('Destiny','Din Tai Fung','Marina Bay');
INSERT INTO "favourites" (username,RName,branchID) VALUES ('Lewis','Astons','Clementi');
INSERT INTO "favourites" (username,RName,branchID) VALUES ('Leila','Din Tai Fung','Marina Bay');
INSERT INTO "favourites" (username,RName,branchID) VALUES ('Porter','Itacho Sushi','Tampines');
INSERT INTO "favourites" (username,RName,branchID) VALUES ('Celeste','Astons','Ang Mo Kio');
INSERT INTO "favourites" (username,RName,branchID) VALUES ('Alexandra','Din Tai Fung','Marina Bay');
INSERT INTO "favourites" (username,RName,branchID) VALUES ('Nasim','Din Tai Fung','Marina Bay');
INSERT INTO "favourites" (username,RName,branchID) VALUES ('Brynne','Itacho Sushi','Tampines');
INSERT INTO "favourites" (username,RName,branchID) VALUES ('Brent','Din Tai Fung','Marina Bay');
INSERT INTO "favourites" (username,RName,branchID) VALUES ('Paki','Astons','Ang Mo Kio');
INSERT INTO "favourites" (username,RName,branchID) VALUES ('Rigel','Din Tai Fung','Marina Bay');
INSERT INTO "favourites" (username,RName,branchID) VALUES ('Kirsten','Itacho Sushi','Jurong East');
INSERT INTO "favourites" (username,RName,branchID) VALUES ('Colby','Astons','Ang Mo Kio');
INSERT INTO "favourites" (username,RName,branchID) VALUES ('Ishmael','Itacho Sushi','Tampines');
INSERT INTO "favourites" (username,RName,branchID) VALUES ('Ignacia','Itacho Sushi','Tampines');
INSERT INTO "favourites" (username,RName,branchID) VALUES ('Howard','Astons','Clementi');
INSERT INTO "favourites" (username,RName,branchID) VALUES ('Hall','Itacho Sushi','Jurong East');
INSERT INTO "favourites" (username,RName,branchID) VALUES ('Mason','Din Tai Fung','Marina Bay');
INSERT INTO "favourites" (username,RName,branchID) VALUES ('Zachary','Astons','Clementi');
INSERT INTO "favourites" (username,RName,branchID) VALUES ('Melinda','Itacho Sushi','Jurong East');
INSERT INTO "favourites" (username,RName,branchID) VALUES ('Timon','Din Tai Fung','Marina Bay');
INSERT INTO "favourites" (username,RName,branchID) VALUES ('Nadine','Astons','Ang Mo Kio');
INSERT INTO "favourites" (username,RName,branchID) VALUES ('Amethyst','Itacho Sushi','Jurong East');
INSERT INTO "favourites" (username,RName,branchID) VALUES ('Giacomo','Itacho Sushi','Tampines');
INSERT INTO "favourites" (username,RName,branchID) VALUES ('Hanna','Astons','Ang Mo Kio');
INSERT INTO "favourites" (username,RName,branchID) VALUES ('Dennis','Din Tai Fung','Marina Bay');
INSERT INTO "favourites" (username,RName,branchID) VALUES ('Kadeem','Astons','Clementi');

INSERT INTO "availability" (RName,branchID,numTables,reserveDate,reserveTime) VALUES ('Astons','Ang Mo Kio',43,'19-12-12','13:00');
INSERT INTO "availability" (RName,branchID,numTables,reserveDate,reserveTime) VALUES ('Astons','Clementi',34,'19-11-16','14:00');
INSERT INTO "availability" (RName,branchID,numTables,reserveDate,reserveTime) VALUES ('Itacho Sushi','Tampines',48,'19-11-29','15:00');
INSERT INTO "availability" (RName,branchID,numTables,reserveDate,reserveTime) VALUES ('Itacho Sushi','Jurong East',44,'19-11-28','10:00');
INSERT INTO "availability" (RName,branchID,numTables,reserveDate,reserveTime) VALUES ('Din Tai Fung','Marina Bay',29,'19-12-02','11:00');

INSERT INTO "reservation" (username,RName,branchID,numTables,reserveDate,reserveTime,confirmation) VALUES ('Porter','Astons','Ang Mo Kio',2,'19-12-12','13:00',false);
INSERT INTO "reservation" (username,RName,branchID,numTables,reserveDate,reserveTime,confirmation) VALUES ('Brynne','Astons','Clementi',1,'19-11-16','14:00',false);
INSERT INTO "reservation" (username,RName,branchID,numTables,reserveDate,reserveTime,confirmation) VALUES ('Kirsten','Itacho Sushi','Tampines',4,'19-11-29','15:00',false);
INSERT INTO "reservation" (username,RName,branchID,numTables,reserveDate,reserveTime,confirmation) VALUES ('Mason','Itacho Sushi','Jurong East',2,'19-11-28','10:00',false);
INSERT INTO "reservation" (username,RName,branchID,numTables,reserveDate,reserveTime,confirmation) VALUES ('Melinda','Din Tai Fung','Marina Bay',2,'19-12-02','11:00',false);

INSERT INTO "ratevisit" (username,RName,branchID,reserveDate,reserveTime,rating) VALUES ('Porter','Astons','Ang Mo Kio','19-12-12','13:00',4);
INSERT INTO "ratevisit" (username,RName,branchID,reserveDate,reserveTime,rating) VALUES ('Brynne','Astons','Clementi','19-11-16','14:00',3);
INSERT INTO "ratevisit" (username,RName,branchID,reserveDate,reserveTime,rating) VALUES ('Kirsten','Itacho Sushi','Tampines','19-11-29','15:00',1);
INSERT INTO "ratevisit" (username,RName,branchID,reserveDate,reserveTime,rating) VALUES ('Mason','Itacho Sushi','Jurong East','19-11-28','10:00',2);
INSERT INTO "ratevisit" (username,RName,branchID,reserveDate,reserveTime,rating) VALUES ('Melinda','Din Tai Fung','Marina Bay','19-12-02','11:00',1);

INSERT INTO "menu" (FName,RName,branchID,course,price) VALUES ('Fries','Astons','Ang Mo Kio','Appetizer',3.99);
INSERT INTO "menu" (FName,RName,branchID,course,price) VALUES ('Chicken Chop','Astons','Ang Mo Kio','Main',12.99);
INSERT INTO "menu" (FName,RName,branchID,course,price) VALUES ('Fish and Chips','Astons','Ang Mo Kio','Main',13.99);
INSERT INTO "menu" (FName,RName,branchID,course,price) VALUES ('Coca Cola','Astons','Ang Mo Kio','Drinks',2.99);
INSERT INTO "menu" (FName,RName,branchID,course,price) VALUES ('Chicken Wings','Astons','Clementi','Appetizer',7.99);
INSERT INTO "menu" (FName,RName,branchID,course,price) VALUES ('Ribeye Steak','Astons','Clementi','Main',39.99);
INSERT INTO "menu" (FName,RName,branchID,course,price) VALUES ('Lamb Chop','Astons','Clementi','Main',24.99);
INSERT INTO "menu" (FName,RName,branchID,course,price) VALUES ('Orange Sparkle','Astons','Clementi','Drinks',5.99);
INSERT INTO "menu" (FName,RName,branchID,course,price) VALUES ('Tofu','Itacho Sushi','Tampines','Appetizer',4.99);
INSERT INTO "menu" (FName,RName,branchID,course,price) VALUES ('Katsu Don','Itacho Sushi','Tampines','Main',13.99);
INSERT INTO "menu" (FName,RName,branchID,course,price) VALUES ('Unagi Sushi','Itacho Sushi','Tampines','Main',5.99);
INSERT INTO "menu" (FName,RName,branchID,course,price) VALUES ('Tamago Sushi','Itacho Sushi','Tampines','Main',1.99);
INSERT INTO "menu" (FName,RName,branchID,course,price) VALUES ('Chawanmushi','Itacho Sushi','Jurong East','Appetizer',5.99);
INSERT INTO "menu" (FName,RName,branchID,course,price) VALUES ('Chirashi Don','Itacho Sushi','Jurong East','Main',14.99);
INSERT INTO "menu" (FName,RName,branchID,course,price) VALUES ('Salmon Sushi','Itacho Sushi','Jurong East','Main',3.99);
INSERT INTO "menu" (FName,RName,branchID,course,price) VALUES ('Tuna Sushi','Itacho Sushi','Jurong East','Main',4.99);
INSERT INTO "menu" (FName,RName,branchID,course,price) VALUES ('Fish Slices','Din Tai Fung','Marina Bay','Appetizer',4.99);
INSERT INTO "menu" (FName,RName,branchID,course,price) VALUES ('Dumplings','Din Tai Fung','Marina Bay','Appetizer',7.99);
INSERT INTO "menu" (FName,RName,branchID,course,price) VALUES ('Fried Rice','Din Tai Fung','Marina Bay','Main',8.99);
INSERT INTO "menu" (FName,RName,branchID,course,price) VALUES ('Soup Noodles','Din Tai Fung','Marina Bay','Main',9.99);

INSERT INTO "offermenu" (OName,RName,branchID,course,price,startDate,endDate) VALUES ('Christmas Turkey','Astons','Ang Mo Kio','Main',49.99,'19-12-11','19-12-31');
INSERT INTO "offermenu" (OName,RName,branchID,course,price,startDate,endDate) VALUES ('Christmas Chicken','Astons','Clementi','Main',39.99,'19-12-11','19-12-31');
INSERT INTO "offermenu" (OName,RName,branchID,course,price,startDate,endDate) VALUES ('Hirame Sushi','Itacho Sushi','Tampines','Main',4.99,'19-12-15','19-12-28');
INSERT INTO "offermenu" (OName,RName,branchID,course,price,startDate,endDate) VALUES ('Shimesaba Sushi','Itacho Sushi','Jurong East','Main',5.99,'19-12-15','19-12-28');

INSERT INTO "rewards" (rewardName,points,type) VALUES ('30% off any purchase',20,'discount');
INSERT INTO "rewards" (rewardName,points,type) VALUES ('Halloween Special',30,'holiday');
INSERT INTO "rewards" (rewardName,points,type) VALUES ('Holiday Giveaway',40,'holiday');

INSERT INTO "claims" (userName,rewardName,OName,RName,branchID,claimDate,claimTime) VALUES ('Celeste','30% off any purchase','Christmas Turkey','Astons','Ang Mo Kio','19-12-16','14:00');
INSERT INTO "claims" (userName,rewardName,OName,RName,branchID,claimDate,claimTime) VALUES ('Amethyst','Holiday Giveaway','Hirame Sushi','Itacho Sushi','Tampines','19-12-20','16:00');