--ALL TABLE NAMES MUST BE LOWERCASE FOR PSQL TO ACKNOWLEDGE THEM
INSERT INTO "useraccount" (username,email,password) VALUES ('Serena','porttitor.vulputate@egestasSed.net','BLI77ESW4OA');
INSERT INTO "useraccount" (username,email,password) VALUES ('Brody','enim@mi.net','GSJ73LFO6JQ');
INSERT INTO "useraccount" (username,email,password) VALUES ('Eaton','nibh.vulputate@AeneanmassaInteger.org','VCE09CLS3WE');
INSERT INTO "useraccount" (username,email,password) VALUES ('Destiny','Cum.sociis.natoque@imperdiet.edu','FCT02GRE6KE');
INSERT INTO "useraccount" (username,email,password) VALUES ('Lewis','a.ultricies@maurissagittis.ca','ZEI64EIH5MA');
INSERT INTO "useraccount" (username,email,password) VALUES ('Leila','nisl.Quisque@idmollis.com','JDM54NTM4UB');
INSERT INTO "useraccount" (username,email,password) VALUES ('Porter','purus@et.org','IWR59CFH0XC');
INSERT INTO "useraccount" (username,email,password) VALUES ('Celeste','ligula@Integertinciduntaliquam.co.uk','SLS18FOP9VO');
INSERT INTO "useraccount" (username,email,password) VALUES ('Alexandra','euismod.ac.fermentum@Donecvitaeerat.com','WOH23XLF5PB');
INSERT INTO "useraccount" (username,email,password) VALUES ('Nasim','a@nonmassanon.com','ZMO57ICR3NV');
INSERT INTO "useraccount" (username,email,password) VALUES ('Brynne','risus@antelectus.com','QVB36RLE7ZN');
INSERT INTO "useraccount" (username,email,password) VALUES ('Brent','vitae.odio.sagittis@Integer.net','CUU16PHK4CO');
INSERT INTO "useraccount" (username,email,password) VALUES ('Paki','Phasellus.ornare.Fusce@variuset.com','QDL55YQJ0VA');
INSERT INTO "useraccount" (username,email,password) VALUES ('Rigel','eget.odio@in.com','FZQ08YGY4UL');
INSERT INTO "useraccount" (username,email,password) VALUES ('Kirsten','sagittis.Duis@aegetmetus.org','RVZ67PVO2DP');
INSERT INTO "useraccount" (username,email,password) VALUES ('Colby','est@MaurisaInteger.edu','FZU41XLI1YM');
INSERT INTO "useraccount" (username,email,password) VALUES ('Ishmael','natoque.penatibus.et@commodoipsum.ca','MNX97SVA7CL');
INSERT INTO "useraccount" (username,email,password) VALUES ('Ignacia','arcu@sitamet.net','YOB69AGT7VZ');
INSERT INTO "useraccount" (username,email,password) VALUES ('Howard','adipiscing@eudolor.co.uk','GDQ39KHV2LZ');
INSERT INTO "useraccount" (username,email,password) VALUES ('Hall','et@Namporttitorscelerisque.org','UVC39JMB1WU');
INSERT INTO "useraccount" (username,email,password) VALUES ('Mason','eu@felis.com','QFV08KMB4ER');
INSERT INTO "useraccount" (username,email,password) VALUES ('Zachary','cursus@id.org','ERH90QED7II');
INSERT INTO "useraccount" (username,email,password) VALUES ('Melinda','placerat.orci@lacus.co.uk','OAT40PWQ1VQ');
INSERT INTO "useraccount" (username,email,password) VALUES ('Timon','mauris.erat@turpis.ca','OYD94PPS3DN');
INSERT INTO "useraccount" (username,email,password) VALUES ('Nadine','ornare.sagittis.felis@rutrumeuultrices.com','WOD22VJO5RF');
INSERT INTO "useraccount" (username,email,password) VALUES ('Amethyst','elementum.at@tellusimperdietnon.ca','JZJ66ZNG2QB');
INSERT INTO "useraccount" (username,email,password) VALUES ('Giacomo','fermentum.arcu.Vestibulum@ornare.org','APU63TYE1IR');
INSERT INTO "useraccount" (username,email,password) VALUES ('Hanna','magna.a@arcuVivamussit.org','WXT59QML6NZ');
INSERT INTO "useraccount" (username,email,password) VALUES ('Dennis','laoreet.ipsum@ipsumsodalespurus.ca','HQZ63DQP3HL');
INSERT INTO "useraccount" (username,email,password) VALUES ('Kadeem','nisi.dictum.augue@pedeNunc.org','STZ66BIT9KW');
INSERT INTO "useraccount" (username,email,password) VALUES ('Camille','a.purus.Duis@dapibusidblandit.net','XQJ39KDQ6ET');
INSERT INTO "useraccount" (username,email,password) VALUES ('Dominique','Donec.egestas@pede.co.uk','FNM65MPA7IW');
INSERT INTO "useraccount" (username,email,password) VALUES ('Jacqueline','a.enim.Suspendisse@ipsumporta.org','FTH76VTR3DU');
INSERT INTO "useraccount" (username,email,password) VALUES ('Aquila','vulputate@insodales.net','DPD64QID6CJ');
INSERT INTO "useraccount" (username,email,password) VALUES ('Tana','et.magna.Praesent@scelerisquenequesed.ca','NSE25MDC9LU');
INSERT INTO "useraccount" (username,email,password) VALUES ('Dolan','Phasellus.fermentum@Duiscursus.net','PHE24PKQ8IT');
INSERT INTO "useraccount" (username,email,password) VALUES ('Mollie','eget.venenatis@velmauris.net','QOK52NUI4PG');
INSERT INTO "useraccount" (username,email,password) VALUES ('Nora','parturient.montes@vel.net','DWE09FSX7MU');
INSERT INTO "useraccount" (username,email,password) VALUES ('Thaddeus','nisi.Cum@molestiepharetra.net','VYM71UNS1CU');
INSERT INTO "useraccount" (username,email,password) VALUES ('Ezekiel','magna.et@montesnasceturridiculus.org','NBO37YVL0EX');

INSERT INTO "customer" (username,awardPoints) VALUES ('Serena',49);
INSERT INTO "customer" (username,awardPoints) VALUES ('Brody',18);
INSERT INTO "customer" (username,awardPoints) VALUES ('Eaton',34);
INSERT INTO "customer" (username,awardPoints) VALUES ('Destiny',95);
INSERT INTO "customer" (username,awardPoints) VALUES ('Lewis',38);
INSERT INTO "customer" (username,awardPoints) VALUES ('Leila',37);
INSERT INTO "customer" (username,awardPoints) VALUES ('Porter',51);
INSERT INTO "customer" (username,awardPoints) VALUES ('Celeste',92);
INSERT INTO "customer" (username,awardPoints) VALUES ('Alexandra',86);
INSERT INTO "customer" (username,awardPoints) VALUES ('Nasim',8);
INSERT INTO "customer" (username,awardPoints) VALUES ('Brynne',14);
INSERT INTO "customer" (username,awardPoints) VALUES ('Brent',7978);
INSERT INTO "customer" (username,awardPoints) VALUES ('Paki',3578);
INSERT INTO "customer" (username,awardPoints) VALUES ('Rigel',9578);
INSERT INTO "customer" (username,awardPoints) VALUES ('Kirsten',1778);
INSERT INTO "customer" (username,awardPoints) VALUES ('Colby',71);
INSERT INTO "customer" (username,awardPoints) VALUES ('Ishmael',66);
INSERT INTO "customer" (username,awardPoints) VALUES ('Ignacia',68);
INSERT INTO "customer" (username,awardPoints) VALUES ('Howard',51);
INSERT INTO "customer" (username,awardPoints) VALUES ('Hall',55);
INSERT INTO "customer" (username,awardPoints) VALUES ('Mason',30);
INSERT INTO "customer" (username,awardPoints) VALUES ('Zachary',28);
INSERT INTO "customer" (username,awardPoints) VALUES ('Melinda',17);
INSERT INTO "customer" (username,awardPoints) VALUES ('Timon',3333);
INSERT INTO "customer" (username,awardPoints) VALUES ('Nadine',3456);
INSERT INTO "customer" (username,awardPoints) VALUES ('Amethyst',1712);
INSERT INTO "customer" (username,awardPoints) VALUES ('Giacomo',6132);
INSERT INTO "customer" (username,awardPoints) VALUES ('Hanna',2155);
INSERT INTO "customer" (username,awardPoints) VALUES ('Dennis',25);
INSERT INTO "customer" (username,awardPoints) VALUES ('Kadeem',83);

INSERT INTO "admin" (username) VALUES ('Camille');
INSERT INTO "admin" (username) VALUES ('Dominique');
INSERT INTO "admin" (username) VALUES ('Jacqueline');
INSERT INTO "admin" (username) VALUES ('Aquila');
INSERT INTO "admin" (username) VALUES ('Tana');
INSERT INTO "admin" (username) VALUES ('Dolan');
INSERT INTO "admin" (username) VALUES ('Mollie');
INSERT INTO "admin" (username) VALUES ('Nora');
INSERT INTO "admin" (username) VALUES ('Thaddeus');
INSERT INTO "admin" (username) VALUES ('Ezekiel');

INSERT INTO "friends" (myUsername, friendUsername) VALUES ('Serena', 'Kadeem');
INSERT INTO "friends" (myUsername, friendUsername) VALUES ('Brody', 'Dennis');
INSERT INTO "friends" (myUsername, friendUsername) VALUES ('Eaton', 'Hanna');
INSERT INTO "friends" (myUsername, friendUsername) VALUES ('Destiny', 'Giacomo');
INSERT INTO "friends" (myUsername, friendUsername) VALUES ('Lewis', 'Amethyst');
INSERT INTO "friends" (myUsername, friendUsername) VALUES ('Lewis', 'Eaton');
INSERT INTO "friends" (myUsername, friendUsername) VALUES ('Lewis', 'Leila');
INSERT INTO "friends" (myUsername, friendUsername) VALUES ('Lewis', 'Celeste');
INSERT INTO "friends" (myUsername, friendUsername) VALUES ('Lewis', 'Alexandra');
INSERT INTO "friends" (myUsername, friendUsername) VALUES ('Lewis', 'Brynne');
INSERT INTO "friends" (myUsername, friendUsername) VALUES ('Lewis', 'Rigel');
INSERT INTO "friends" (myUsername, friendUsername) VALUES ('Lewis', 'Ishmael');
INSERT INTO "friends" (myUsername, friendUsername) VALUES ('Lewis', 'Timon');
INSERT INTO "friends" (myUsername, friendUsername) VALUES ('Lewis', 'Hanna');
INSERT INTO "friends" (myUsername, friendUsername) VALUES ('Lewis', 'Kadeem');

INSERT INTO "preferences" (username,prefCuisinetype,prefArea,prefBudget) VALUES ('Serena','Chinese','North',44);
INSERT INTO "preferences" (username,prefCuisinetype,prefArea,prefBudget) VALUES ('Brody','Chinese','North',40);
INSERT INTO "preferences" (username,prefCuisinetype,prefArea,prefBudget) VALUES ('Eaton','Chinese','North',70);
INSERT INTO "preferences" (username,prefCuisinetype,prefArea,prefBudget) VALUES ('Destiny','Chinese','North',66);
INSERT INTO "preferences" (username,prefCuisinetype,prefArea,prefBudget) VALUES ('Lewis','Chinese','North',29);
INSERT INTO "preferences" (username,prefCuisinetype,prefArea,prefBudget) VALUES ('Leila','Indian','North',43);
INSERT INTO "preferences" (username,prefCuisinetype,prefArea,prefBudget) VALUES ('Porter','Indian','South',91);
INSERT INTO "preferences" (username,prefCuisinetype,prefArea,prefBudget) VALUES ('Celeste','Indian','South',27);
INSERT INTO "preferences" (username,prefCuisinetype,prefArea,prefBudget) VALUES ('Alexandra','Indian','South',34);
INSERT INTO "preferences" (username,prefCuisinetype,prefArea,prefBudget) VALUES ('Nasim','Indian','South',92);
INSERT INTO "preferences" (username,prefCuisinetype,prefArea,prefBudget) VALUES ('Brynne','Japanese','South',40);
INSERT INTO "preferences" (username,prefCuisinetype,prefArea,prefBudget) VALUES ('Brent','Japanese','South',38);
INSERT INTO "preferences" (username,prefCuisinetype,prefArea,prefBudget) VALUES ('Paki','Japanese','East',44);
INSERT INTO "preferences" (username,prefCuisinetype,prefArea,prefBudget) VALUES ('Rigel','Japanese','East',48);
INSERT INTO "preferences" (username,prefCuisinetype,prefArea,prefBudget) VALUES ('Kirsten','Japanese','East',87);
INSERT INTO "preferences" (username,prefCuisinetype,prefArea,prefBudget) VALUES ('Colby','Western','East',31);
INSERT INTO "preferences" (username,prefCuisinetype,prefArea,prefBudget) VALUES ('Ishmael','Western','East',37);
INSERT INTO "preferences" (username,prefCuisinetype,prefArea,prefBudget) VALUES ('Ignacia','Western','East',85);
INSERT INTO "preferences" (username,prefCuisinetype,prefArea,prefBudget) VALUES ('Howard','Western','West',52);
INSERT INTO "preferences" (username,prefCuisinetype,prefArea,prefBudget) VALUES ('Hall','Western','West',75);
INSERT INTO "preferences" (username,prefCuisinetype,prefArea,prefBudget) VALUES ('Mason','Korean','West',72);
INSERT INTO "preferences" (username,prefCuisinetype,prefArea,prefBudget) VALUES ('Zachary','Korean','West',84);
INSERT INTO "preferences" (username,prefCuisinetype,prefArea,prefBudget) VALUES ('Melinda','Korean','West',47);
INSERT INTO "preferences" (username,prefCuisinetype,prefArea,prefBudget) VALUES ('Timon','Korean','West',68);
INSERT INTO "preferences" (username,prefCuisinetype,prefArea,prefBudget) VALUES ('Nadine','Korean','Central',45);
INSERT INTO "preferences" (username,prefCuisinetype,prefArea,prefBudget) VALUES ('Amethyst','Indonesian','Central',29);
INSERT INTO "preferences" (username,prefCuisinetype,prefArea,prefBudget) VALUES ('Giacomo','Indonesian','Central',33);
INSERT INTO "preferences" (username,prefCuisinetype,prefArea,prefBudget) VALUES ('Hanna','Indonesian','Central',66);
INSERT INTO "preferences" (username,prefCuisinetype,prefArea,prefBudget) VALUES ('Dennis','Indonesian','Central',45);
INSERT INTO "preferences" (username,prefCuisinetype,prefArea,prefBudget) VALUES ('Kadeem','Indonesian','Central',55);

INSERT INTO "restaurant" (RName,branchID,maxTables,OpeningHours,adminID) VALUES ('Astons','Ang Mo Kio',100,'0900','Camille');
INSERT INTO "restaurant" (RName,branchID,maxTables,OpeningHours,adminID) VALUES ('Astons','Clementi',34,'0900','Dominique');
INSERT INTO "restaurant" (RName,branchID,maxTables,OpeningHours,adminID) VALUES ('Itacho Sushi','Tampines',48,'0930','Dolan');
INSERT INTO "restaurant" (RName,branchID,maxTables,OpeningHours,adminID) VALUES ('Itacho Sushi','Jurong East',44,'0930','Nora');
INSERT INTO "restaurant" (RName,branchID,maxTables,OpeningHours,adminID) VALUES ('Din Tai Fung','Marina Bay',69,'0600','Thaddeus');
INSERT INTO "restaurant" (RName,branchID,maxTables,OpeningHours,adminID) VALUES ('High End West','Lakeside',50,'0600','Thaddeus');
INSERT INTO "restaurant" (RName,branchID,maxTables,OpeningHours,adminID) VALUES ('Murtaback','Woodlands',69,'0800','Thaddeus');
INSERT INTO "restaurant" (RName,branchID,maxTables,OpeningHours,adminID) VALUES ('Beebimpap','Orchard',82,'0800','Thaddeus');


INSERT INTO "restaurantprofile" (RName,branchID,CuisineType,area) VALUES ('Astons','Ang Mo Kio','Western','North');
INSERT INTO "restaurantprofile" (RName,branchID,CuisineType,area) VALUES ('Astons','Clementi','Western','West');
INSERT INTO "restaurantprofile" (RName,branchID,CuisineType,area) VALUES ('Itacho Sushi','Tampines','Japanese','East');
INSERT INTO "restaurantprofile" (RName,branchID,CuisineType,area) VALUES ('Itacho Sushi','Jurong East','Japanese','West');
INSERT INTO "restaurantprofile" (RName,branchID,CuisineType,area) VALUES ('Din Tai Fung','Marina Bay','Chinese','South');
INSERT INTO "restaurantprofile" (RName,branchID,CuisineType,area) VALUES ('High End West','Lakeside','Western','West');
INSERT INTO "restaurantprofile" (RName,branchID,CuisineType,area) VALUES ('Murtaback','Woodlands','Indian','North');
INSERT INTO "restaurantprofile" (RName,branchID,CuisineType,area) VALUES ('Beebimpap','Orchard','Korean','Central');


INSERT INTO "favourites" (username,RName,branchID) VALUES ('Serena','Astons','Ang Mo Kio');
INSERT INTO "favourites" (username,RName,branchID) VALUES ('Brody','Itacho Sushi','Tampines');
INSERT INTO "favourites" (username,RName,branchID) VALUES ('Eaton','Itacho Sushi','Jurong East');
INSERT INTO "favourites" (username,RName,branchID) VALUES ('Destiny','Din Tai Fung','Marina Bay');
INSERT INTO "favourites" (username,RName,branchID) VALUES ('Lewis','Astons','Clementi');
INSERT INTO "favourites" (username,RName,branchID) VALUES ('Leila','Din Tai Fung','Marina Bay');
INSERT INTO "favourites" (username,RName,branchID) VALUES ('Porter','Itacho Sushi','Tampines');
INSERT INTO "favourites" (username,RName,branchID) VALUES ('Celeste','Astons','Ang Mo Kio');
INSERT INTO "favourites" (username,RName,branchID) VALUES ('Alexandra','Din Tai Fung','Marina Bay');
INSERT INTO "favourites" (username,RName,branchID) VALUES ('Nasim','Din Tai Fung','Marina Bay');
INSERT INTO "favourites" (username,RName,branchID) VALUES ('Brynne','Itacho Sushi','Tampines');
INSERT INTO "favourites" (username,RName,branchID) VALUES ('Brent','Din Tai Fung','Marina Bay');
INSERT INTO "favourites" (username,RName,branchID) VALUES ('Paki','Astons','Ang Mo Kio');
INSERT INTO "favourites" (username,RName,branchID) VALUES ('Rigel','Din Tai Fung','Marina Bay');
INSERT INTO "favourites" (username,RName,branchID) VALUES ('Kirsten','Itacho Sushi','Jurong East');
INSERT INTO "favourites" (username,RName,branchID) VALUES ('Colby','Astons','Ang Mo Kio');
INSERT INTO "favourites" (username,RName,branchID) VALUES ('Ishmael','Itacho Sushi','Tampines');
INSERT INTO "favourites" (username,RName,branchID) VALUES ('Ignacia','Itacho Sushi','Tampines');
INSERT INTO "favourites" (username,RName,branchID) VALUES ('Howard','Astons','Clementi');
INSERT INTO "favourites" (username,RName,branchID) VALUES ('Hall','Itacho Sushi','Jurong East');
INSERT INTO "favourites" (username,RName,branchID) VALUES ('Mason','Din Tai Fung','Marina Bay');
INSERT INTO "favourites" (username,RName,branchID) VALUES ('Zachary','Astons','Clementi');
INSERT INTO "favourites" (username,RName,branchID) VALUES ('Melinda','Itacho Sushi','Jurong East');
INSERT INTO "favourites" (username,RName,branchID) VALUES ('Timon','Din Tai Fung','Marina Bay');
INSERT INTO "favourites" (username,RName,branchID) VALUES ('Nadine','Astons','Ang Mo Kio');
INSERT INTO "favourites" (username,RName,branchID) VALUES ('Amethyst','Itacho Sushi','Jurong East');
INSERT INTO "favourites" (username,RName,branchID) VALUES ('Giacomo','Itacho Sushi','Tampines');
INSERT INTO "favourites" (username,RName,branchID) VALUES ('Hanna','Astons','Ang Mo Kio');
INSERT INTO "favourites" (username,RName,branchID) VALUES ('Dennis','Din Tai Fung','Marina Bay');
INSERT INTO "favourites" (username,RName,branchID) VALUES ('Kadeem','Astons','Clementi');

INSERT INTO "availability" (RName,branchID,numTables,reserveDate,reserveTime) VALUES ('Astons','Ang Mo Kio',80,'2019-12-12','13:00');
INSERT INTO "availability" (RName,branchID,numTables,reserveDate,reserveTime) VALUES ('Astons','Clementi',34,'2019-11-16','14:00');
INSERT INTO "availability" (RName,branchID,numTables,reserveDate,reserveTime) VALUES ('Astons','Clementi',34,'2019-11-15','14:00');
INSERT INTO "availability" (RName,branchID,numTables,reserveDate,reserveTime) VALUES ('Astons','Clementi',34,'2019-11-13','14:00');
INSERT INTO "availability" (RName,branchID,numTables,reserveDate,reserveTime) VALUES ('Astons','Clementi',34,'2019-11-14','14:00');
INSERT INTO "availability" (RName,branchID,numTables,reserveDate,reserveTime) VALUES ('Astons','Clementi',34,'2019-11-17','14:00');
INSERT INTO "availability" (RName,branchID,numTables,reserveDate,reserveTime) VALUES ('Astons','Clementi',34,'2019-11-12','14:00');
INSERT INTO "availability" (RName,branchID,numTables,reserveDate,reserveTime) VALUES ('Itacho Sushi','Tampines',48,'2019-11-29','15:00');
INSERT INTO "availability" (RName,branchID,numTables,reserveDate,reserveTime) VALUES ('Itacho Sushi','Jurong East',44,'2019-11-28','10:00');
INSERT INTO "availability" (RName,branchID,numTables,reserveDate,reserveTime) VALUES ('Din Tai Fung','Marina Bay',59,'2019-12-02','11:00');
INSERT INTO "availability" (RName,branchID,numTables,reserveDate,reserveTime) VALUES ('High End West','Lakeside',16,'2019-12-02','11:00');
INSERT INTO "availability" (RName,branchID,numTables,reserveDate,reserveTime) VALUES ('Murtaback','Woodlands',40,'2019-12-02','11:00');
INSERT INTO "availability" (RName,branchID,numTables,reserveDate,reserveTime) VALUES ('Beebimpap','Orchard',50,'2019-12-02','11:00');

INSERT INTO "reservation" (username,RName,branchID,numTables,reserveDate,reserveTime) VALUES ('Lewis','Astons','Ang Mo Kio',2,'2019-12-12','13:00');
INSERT INTO "reservation" (username,RName,branchID,numTables,reserveDate,reserveTime) VALUES ('Amethyst','Astons','Ang Mo Kio',4,'2019-12-12','13:00');
INSERT INTO "reservation" (username,RName,branchID,numTables,reserveDate,reserveTime) VALUES ('Eaton','Astons','Ang Mo Kio',5,'2019-12-12','13:00');
INSERT INTO "reservation" (username,RName,branchID,numTables,reserveDate,reserveTime) VALUES ('Leila','Astons','Ang Mo Kio',5,'2019-12-12','13:00');
INSERT INTO "reservation" (username,RName,branchID,numTables,reserveDate,reserveTime) VALUES ('Celeste','Astons','Ang Mo Kio',3,'2019-12-12','13:00');
INSERT INTO "reservation" (username,RName,branchID,numTables,reserveDate,reserveTime) VALUES ('Alexandra','Astons','Ang Mo Kio',8,'2019-12-12','13:00');
INSERT INTO "reservation" (username,RName,branchID,numTables,reserveDate,reserveTime) VALUES ('Brynne','Astons','Ang Mo Kio',7,'2019-12-12','13:00');
INSERT INTO "reservation" (username,RName,branchID,numTables,reserveDate,reserveTime) VALUES ('Rigel','Astons','Ang Mo Kio',6,'2019-12-12','13:00');
INSERT INTO "reservation" (username,RName,branchID,numTables,reserveDate,reserveTime) VALUES ('Ishmael','Astons','Ang Mo Kio',7,'2019-12-12','13:00');
INSERT INTO "reservation" (username,RName,branchID,numTables,reserveDate,reserveTime) VALUES ('Timon','Astons','Ang Mo Kio',5,'2019-12-12','13:00');
INSERT INTO "reservation" (username,RName,branchID,numTables,reserveDate,reserveTime) VALUES ('Hanna','Astons','Ang Mo Kio',1,'2019-12-12','13:00');
INSERT INTO "reservation" (username,RName,branchID,numTables,reserveDate,reserveTime) VALUES ('Kadeem','Astons','Ang Mo Kio',4,'2019-12-12','13:00');
INSERT INTO "reservation" (username,RName,branchID,numTables,reserveDate,reserveTime) VALUES ('Lewis','Itacho Sushi','Tampines',8,'2019-11-29','15:00');
INSERT INTO "reservation" (username,RName,branchID,numTables,reserveDate,reserveTime) VALUES ('Amethyst','Itacho Sushi','Tampines',1,'2019-11-29','15:00');
INSERT INTO "reservation" (username,RName,branchID,numTables,reserveDate,reserveTime) VALUES ('Eaton','Itacho Sushi','Tampines',2,'2019-11-29','15:00');
INSERT INTO "reservation" (username,RName,branchID,numTables,reserveDate,reserveTime) VALUES ('Lewis','Itacho Sushi','Jurong East',4,'2019-11-28','10:00');
INSERT INTO "reservation" (username,RName,branchID,numTables,reserveDate,reserveTime) VALUES ('Rigel','Itacho Sushi','Jurong East',4,'2019-11-28','10:00');
INSERT INTO "reservation" (username,RName,branchID,numTables,reserveDate,reserveTime) VALUES ('Lewis','Din Tai Fung','Marina Bay',9,'2019-12-02','11:00');
INSERT INTO "reservation" (username,RName,branchID,numTables,reserveDate,reserveTime) VALUES ('Leila','Din Tai Fung','Marina Bay',9,'2019-12-02','11:00');
INSERT INTO "reservation" (username,RName,branchID,numTables,reserveDate,reserveTime) VALUES ('Celeste','Din Tai Fung','Marina Bay',9,'2019-12-02','11:00');
INSERT INTO "reservation" (username,RName,branchID,numTables,reserveDate,reserveTime) VALUES ('Alexandra','Din Tai Fung','Marina Bay',9,'2019-12-02','11:00');
INSERT INTO "reservation" (username,RName,branchID,numTables,reserveDate,reserveTime) VALUES ('Lewis','High End West','Lakeside',1,'2019-12-02','11:00');
INSERT INTO "reservation" (username,RName,branchID,numTables,reserveDate,reserveTime) VALUES ('Brynne','Itacho Sushi','Tampines',1,'2019-11-29','15:00');
INSERT INTO "reservation" (username,RName,branchID,numTables,reserveDate,reserveTime) VALUES ('Kirsten','Din Tai Fung','Marina Bay',4,'2019-12-02','11:00');
INSERT INTO "reservation" (username,RName,branchID,numTables,reserveDate,reserveTime) VALUES ('Zachary','Din Tai Fung','Marina Bay',10,'2019-12-02','11:00');
INSERT INTO "reservation" (username,RName,branchID,numTables,reserveDate,reserveTime) VALUES ('Nasim','Din Tai Fung','Marina Bay',20,'2019-12-02','11:00');
INSERT INTO "reservation" (username,RName,branchID,numTables,reserveDate,reserveTime) VALUES ('Paki','Din Tai Fung','Marina Bay',15,'2019-12-02','11:00');
INSERT INTO "reservation" (username,RName,branchID,numTables,reserveDate,reserveTime) VALUES ('Mason','Astons','Ang Mo Kio',2,'2019-12-12','13:00');
INSERT INTO "reservation" (username,RName,branchID,numTables,reserveDate,reserveTime) VALUES ('Melinda','Itacho Sushi','Tampines',2,'2019-11-29','15:00');
INSERT INTO "reservation" (username,RName,branchID,numTables,reserveDate,reserveTime) VALUES ('Amethyst','Astons','Clementi',1,'2019-11-16','14:00');
INSERT INTO "reservation" (username,RName,branchID,numTables,reserveDate,reserveTime) VALUES ('Giacomo','Astons','Clementi',2,'2019-11-17','14:00');
INSERT INTO "reservation" (username,RName,branchID,numTables,reserveDate,reserveTime) VALUES ('Dennis','High End West','Lakeside',8,'2019-12-02','11:00');
INSERT INTO "reservation" (username,RName,branchID,numTables,reserveDate,reserveTime) VALUES ('Serena','High End West','Lakeside',9,'2019-12-02','11:00');
INSERT INTO "reservation" (username,RName,branchID,numTables,reserveDate,reserveTime) VALUES ('Destiny','High End West','Lakeside',6,'2019-12-02','11:00');
INSERT INTO "reservation" (username,RName,branchID,numTables,reserveDate,reserveTime) VALUES ('Leila','High End West','Lakeside',4,'2019-12-02','11:00');
INSERT INTO "reservation" (username,RName,branchID,numTables,reserveDate,reserveTime) VALUES ('Rigel','High End West','Lakeside',1,'2019-12-02','11:00');
INSERT INTO "reservation" (username,RName,branchID,numTables,reserveDate,reserveTime) VALUES ('Destiny','Murtaback','Woodlands',2,'2019-12-02','11:00');
INSERT INTO "reservation" (username,RName,branchID,numTables,reserveDate,reserveTime) VALUES ('Leila','Murtaback','Woodlands',7,'2019-12-02','11:00');
INSERT INTO "reservation" (username,RName,branchID,numTables,reserveDate,reserveTime) VALUES ('Rigel','Murtaback','Woodlands',4,'2019-12-02','11:00');
INSERT INTO "reservation" (username,RName,branchID,numTables,reserveDate,reserveTime) VALUES ('Rigel','Beebimpap','Orchard',15,'2019-12-02','11:00');

INSERT INTO "ratevisit" (username,RName,branchID,reserveDate,reserveTime,rating, confirmation) VALUES ('Lewis','Astons','Ang Mo Kio','2019-12-12','13:00',4,true);
INSERT INTO "ratevisit" (username,RName,branchID,reserveDate,reserveTime,rating, confirmation) VALUES ('Amethyst','Astons','Ang Mo Kio','2019-12-12','13:00',1,true);
INSERT INTO "ratevisit" (username,RName,branchID,reserveDate,reserveTime,rating, confirmation) VALUES ('Eaton','Astons','Ang Mo Kio','2019-12-12','13:00',3,true);
INSERT INTO "ratevisit" (username,RName,branchID,reserveDate,reserveTime,rating, confirmation) VALUES ('Leila','Astons','Ang Mo Kio','2019-12-12','13:00',5,true);
INSERT INTO "ratevisit" (username,RName,branchID,reserveDate,reserveTime,rating, confirmation) VALUES ('Celeste','Astons','Ang Mo Kio','2019-12-12','13:00',2,true);
INSERT INTO "ratevisit" (username,RName,branchID,reserveDate,reserveTime,rating, confirmation) VALUES ('Alexandra','Astons','Ang Mo Kio','2019-12-12','13:00',2,true);
INSERT INTO "ratevisit" (username,RName,branchID,reserveDate,reserveTime,rating, confirmation) VALUES ('Brynne','Astons','Ang Mo Kio','2019-12-12','13:00',3,true);
INSERT INTO "ratevisit" (username,RName,branchID,reserveDate,reserveTime,rating, confirmation) VALUES ('Rigel','Astons','Ang Mo Kio','2019-12-12','13:00',5,true);
INSERT INTO "ratevisit" (username,RName,branchID,reserveDate,reserveTime,rating, confirmation) VALUES ('Ishmael','Astons','Ang Mo Kio','2019-12-12','13:00',5,true);
INSERT INTO "ratevisit" (username,RName,branchID,reserveDate,reserveTime,rating, confirmation) VALUES ('Timon','Astons','Ang Mo Kio','2019-12-12','13:00',1,true);
INSERT INTO "ratevisit" (username,RName,branchID,reserveDate,reserveTime,rating, confirmation) VALUES ('Hanna','Astons','Ang Mo Kio','2019-12-12','13:00',2,true);
INSERT INTO "ratevisit" (username,RName,branchID,reserveDate,reserveTime,rating, confirmation) VALUES ('Kadeem','Astons','Ang Mo Kio','2019-12-12','13:00',3,true);
INSERT INTO "ratevisit" (username,RName,branchID,reserveDate,reserveTime,rating, confirmation) VALUES ('Lewis','Itacho Sushi','Tampines','2019-11-29','15:00',3,true);
INSERT INTO "ratevisit" (username,RName,branchID,reserveDate,reserveTime,rating, confirmation) VALUES ('Amethyst','Itacho Sushi','Tampines','2019-11-29','15:00',1,true);
INSERT INTO "ratevisit" (username,RName,branchID,reserveDate,reserveTime,rating, confirmation) VALUES ('Eaton','Itacho Sushi','Tampines','2019-11-29','15:00',4,true);
INSERT INTO "ratevisit" (username,RName,branchID,reserveDate,reserveTime,rating, confirmation) VALUES ('Lewis','Itacho Sushi','Jurong East','2019-11-28','10:00',5,true);
INSERT INTO "ratevisit" (username,RName,branchID,reserveDate,reserveTime,rating, confirmation) VALUES ('Rigel','Itacho Sushi','Jurong East','2019-11-28','10:00',5,true);
INSERT INTO "ratevisit" (username,RName,branchID,reserveDate,reserveTime,rating, confirmation) VALUES ('Lewis','Din Tai Fung','Marina Bay','2019-12-02','11:00',2,true);
INSERT INTO "ratevisit" (username,RName,branchID,reserveDate,reserveTime,rating, confirmation) VALUES ('Leila','Din Tai Fung','Marina Bay','2019-12-02','11:00',2,true);
INSERT INTO "ratevisit" (username,RName,branchID,reserveDate,reserveTime,rating, confirmation) VALUES ('Celeste','Din Tai Fung','Marina Bay','2019-12-02','11:00',2,true);
INSERT INTO "ratevisit" (username,RName,branchID,reserveDate,reserveTime,rating, confirmation) VALUES ('Alexandra','Din Tai Fung','Marina Bay','2019-12-02','11:00',2,true);
INSERT INTO "ratevisit" (username,RName,branchID,reserveDate,reserveTime,rating, confirmation) VALUES ('Lewis','High End West','Lakeside','2019-12-02','11:00',1,true);
INSERT INTO "ratevisit" (username,RName,branchID,reserveDate,reserveTime,rating, confirmation) VALUES ('Brynne','Itacho Sushi','Tampines','2019-11-29','15:00',3,true);
INSERT INTO "ratevisit" (username,RName,branchID,reserveDate,reserveTime,rating, confirmation) VALUES ('Kirsten','Din Tai Fung','Marina Bay','2019-12-02','11:00',5,true);
INSERT INTO "ratevisit" (username,RName,branchID,reserveDate,reserveTime,rating, confirmation) VALUES ('Zachary','Din Tai Fung','Marina Bay','2019-12-02','11:00',2,true);
INSERT INTO "ratevisit" (username,RName,branchID,reserveDate,reserveTime,rating, confirmation) VALUES ('Mason','Astons','Ang Mo Kio','2019-12-12','13:00',2,true);
INSERT INTO "ratevisit" (username,RName,branchID,reserveDate,reserveTime,rating, confirmation) VALUES ('Melinda','Itacho Sushi','Tampines','2019-11-29','15:00',1,true);
INSERT INTO "ratevisit" (username,RName,branchID,reserveDate,reserveTime,rating, confirmation) VALUES ('Amethyst','Astons','Clementi','2019-11-16','14:00',1,true);
INSERT INTO "ratevisit" (username,RName,branchID,reserveDate,reserveTime,rating, confirmation) VALUES ('Giacomo','Astons','Clementi','2019-11-17','14:00',null,false);
INSERT INTO "ratevisit" (username,RName,branchID,reserveDate,reserveTime,rating, confirmation) VALUES ('Destiny','High End West','Lakeside','2019-12-02','11:00',2,true);
INSERT INTO "ratevisit" (username,RName,branchID,reserveDate,reserveTime,rating, confirmation) VALUES ('Destiny','Murtaback','Woodlands','2019-12-02','11:00',3,true);
INSERT INTO "ratevisit" (username,RName,branchID,reserveDate,reserveTime,rating, confirmation) VALUES ('Leila','Murtaback','Woodlands','2019-12-02','11:00',4,true);
INSERT INTO "ratevisit" (username,RName,branchID,reserveDate,reserveTime,rating, confirmation) VALUES ('Rigel','Murtaback','Woodlands','2019-12-02','11:00',5,true);
INSERT INTO "ratevisit" (username,RName,branchID,reserveDate,reserveTime,rating, confirmation) VALUES ('Rigel','Beebimpap','Orchard','2019-12-02','11:00',3,true);

INSERT INTO "menu" (FName,RName,branchID,course,price) VALUES ('Fries','Astons','Ang Mo Kio','Appetizer',3.99);
INSERT INTO "menu" (FName,RName,branchID,course,price) VALUES ('Chicken Chop','Astons','Ang Mo Kio','Main',12.99);
INSERT INTO "menu" (FName,RName,branchID,course,price) VALUES ('Fish and Chips','Astons','Ang Mo Kio','Main',13.99);
INSERT INTO "menu" (FName,RName,branchID,course,price) VALUES ('Coca Cola','Astons','Ang Mo Kio','Drinks',2.99);
INSERT INTO "menu" (FName,RName,branchID,course,price) VALUES ('Chicken Wings','Astons','Clementi','Appetizer',7.99);
INSERT INTO "menu" (FName,RName,branchID,course,price) VALUES ('Ribeye Steak','Astons','Clementi','Main',39.99);
INSERT INTO "menu" (FName,RName,branchID,course,price) VALUES ('Lamb Chop','Astons','Clementi','Main',24.99);
INSERT INTO "menu" (FName,RName,branchID,course,price) VALUES ('Orange Sparkle','Astons','Clementi','Drinks',5.99);
INSERT INTO "menu" (FName,RName,branchID,course,price) VALUES ('Tofu','Itacho Sushi','Tampines','Appetizer',4.99);
INSERT INTO "menu" (FName,RName,branchID,course,price) VALUES ('Katsu Don','Itacho Sushi','Tampines','Main',13.99);
INSERT INTO "menu" (FName,RName,branchID,course,price) VALUES ('Unagi Sushi','Itacho Sushi','Tampines','Main',5.99);
INSERT INTO "menu" (FName,RName,branchID,course,price) VALUES ('Tamago Sushi','Itacho Sushi','Tampines','Main',1.99);
INSERT INTO "menu" (FName,RName,branchID,course,price) VALUES ('Chawanmushi','Itacho Sushi','Jurong East','Appetizer',5.99);
INSERT INTO "menu" (FName,RName,branchID,course,price) VALUES ('Chirashi Don','Itacho Sushi','Jurong East','Main',14.99);
INSERT INTO "menu" (FName,RName,branchID,course,price) VALUES ('Salmon Sushi','Itacho Sushi','Jurong East','Main',3.99);
INSERT INTO "menu" (FName,RName,branchID,course,price) VALUES ('Tuna Sushi','Itacho Sushi','Jurong East','Main',4.99);
INSERT INTO "menu" (FName,RName,branchID,course,price) VALUES ('Fish Slices','Din Tai Fung','Marina Bay','Appetizer',4.99);
INSERT INTO "menu" (FName,RName,branchID,course,price) VALUES ('Dumplings','Din Tai Fung','Marina Bay','Appetizer',7.99);
INSERT INTO "menu" (FName,RName,branchID,course,price) VALUES ('Fried Rice','Din Tai Fung','Marina Bay','Main',8.99);
INSERT INTO "menu" (FName,RName,branchID,course,price) VALUES ('Soup Noodles','Din Tai Fung','Marina Bay','Main',9.99);
INSERT INTO "menu" (FName,RName,branchID,course,price) VALUES ('Super Steak','High End West','Lakeside','Main',99.99);
INSERT INTO "menu" (FName,RName,branchID,course,price) VALUES ('Mini Steak','High End West','Lakeside','Main',50);


INSERT INTO "offermenu" (OName,RName,branchID,course,price,startDate,endDate) VALUES ('Christmas Turkey','Astons','Ang Mo Kio','Main',49.99,'2019-12-11','2019-12-31');
INSERT INTO "offermenu" (OName,RName,branchID,course,price,startDate,endDate) VALUES ('Christmas Chicken','Astons','Clementi','Main',39.99,'2019-11-11','2019-12-31');
INSERT INTO "offermenu" (OName,RName,branchID,course,price,startDate,endDate) VALUES ('Winter Sashimi Set','Itacho Sushi','Tampines','Main',499.99,'2019-11-15','2019-12-30');
INSERT INTO "offermenu" (OName,RName,branchID,course,price,startDate,endDate) VALUES ('Ikura Uni Flood','Itacho Sushi','Jurong East','Main',999.99,'2019-11-15','2019-12-30');
INSERT INTO "offermenu" (OName,RName,branchID,course,price,startDate,endDate) VALUES ('Wagyu Whole Beef','High End West','Lakeside','Main',999.99,'2019-10-11','2019-12-31');

INSERT INTO "rewards" (rewardName,points,type) VALUES ('HOHOHO',5,'holiday');
INSERT INTO "rewards" (rewardName,points,type) VALUES ('30% off any purchase',20,'discount');
INSERT INTO "rewards" (rewardName,points,type) VALUES ('Halloween Special',30,'holiday');
INSERT INTO "rewards" (rewardName,points,type) VALUES ('Holiday Giveaway',40,'holiday');
INSERT INTO "rewards" (rewardName,points,type) VALUES ('Payday',100,'holiday');
INSERT INTO "rewards" (rewardName,points,type) VALUES ('Executive Suite',100,'holiday');
INSERT INTO "rewards" (rewardName,points,type) VALUES ('ChaChing',400,'holiday');

INSERT INTO "claims" (userName,rewardName,OName,RName,branchID,claimDate,claimTime) VALUES ('Celeste','30% off any purchase','Christmas Turkey','Astons','Ang Mo Kio','2019-12-16','14:00');
INSERT INTO "claims" (userName,rewardName,OName,RName,branchID,claimDate,claimTime) VALUES ('Amethyst','Holiday Giveaway','Winter Sashimi Set','Itacho Sushi','Tampines','2019-12-20','16:00');
INSERT INTO "claims" (userName,rewardName,OName,RName,branchID,claimDate,claimTime) VALUES ('Alexandra','30% off any purchase','Christmas Turkey','Astons','Ang Mo Kio','2019-08-10','14:00');
INSERT INTO "claims" (userName,rewardName,OName,RName,branchID,claimDate,claimTime) VALUES ('Alexandra','Holiday Giveaway','Winter Sashimi Set','Itacho Sushi','Tampines','2020-02-29','16:00');

INSERT INTO "claims" (userName,rewardName,OName,RName,branchID,claimDate,claimTime) VALUES ('Celeste','HOHOHO','Christmas Chicken','Astons','Clementi','2019-11-15','14:00');
INSERT INTO "claims" (userName,rewardName,OName,RName,branchID,claimDate,claimTime) VALUES ('Serena','Holiday Giveaway','Christmas Chicken','Astons','Clementi','2019-11-13','14:00');
INSERT INTO "claims" (userName,rewardName,OName,RName,branchID,claimDate,claimTime) VALUES ('Hanna','30% off any purchase','Christmas Chicken','Astons','Clementi','2019-11-13','14:00');
INSERT INTO "claims" (userName,rewardName,OName,RName,branchID,claimDate,claimTime) VALUES ('Colby','HOHOHO','Christmas Chicken','Astons','Clementi','2019-11-13','14:00');
INSERT INTO "claims" (userName,rewardName,OName,RName,branchID,claimDate,claimTime) VALUES ('Celeste','30% off any purchase','Christmas Chicken','Astons','Clementi','2019-11-14','14:00');
INSERT INTO "claims" (userName,rewardName,OName,RName,branchID,claimDate,claimTime) VALUES ('Timon','ChaChing','Wagyu Whole Beef','High End West','Lakeside','2019-12-02','11:00');
INSERT INTO "claims" (userName,rewardName,OName,RName,branchID,claimDate,claimTime) VALUES ('Nadine','ChaChing','Wagyu Whole Beef','High End West','Lakeside','2019-12-02','11:00');
INSERT INTO "claims" (userName,rewardName,OName,RName,branchID,claimDate,claimTime) VALUES ('Amethyst','ChaChing','Wagyu Whole Beef','High End West','Lakeside','2019-12-02','11:00');
INSERT INTO "claims" (userName,rewardName,OName,RName,branchID,claimDate,claimTime) VALUES ('Giacomo','ChaChing','Wagyu Whole Beef','High End West','Lakeside','2019-12-02','11:00');
INSERT INTO "claims" (userName,rewardName,OName,RName,branchID,claimDate,claimTime) VALUES ('Hanna','ChaChing','Wagyu Whole Beef','High End West','Lakeside','2019-12-02','11:00');
INSERT INTO "claims" (userName,rewardName,OName,RName,branchID,claimDate,claimTime) VALUES ('Brent','Payday','Winter Sashimi Set','Itacho Sushi','Tampines','2019-11-29','15:00');
INSERT INTO "claims" (userName,rewardName,OName,RName,branchID,claimDate,claimTime) VALUES ('Paki','Payday','Winter Sashimi Set','Itacho Sushi','Tampines','2019-11-29','15:00');
INSERT INTO "claims" (userName,rewardName,OName,RName,branchID,claimDate,claimTime) VALUES ('Rigel','Executive Suite','Ikura Uni Flood','Itacho Sushi','Jurong East','2019-11-28','10:00');
INSERT INTO "claims" (userName,rewardName,OName,RName,branchID,claimDate,claimTime) VALUES ('Kirsten','Executive Suite','Ikura Uni Flood','Itacho Sushi','Jurong East','2019-11-28','10:00');

INSERT INTO "useraccount" (username,email,password) VALUES ('PointsTriggerTester','doesthiswork@gmail.com','123123');
INSERT INTO "customer" (username, awardPoints) VALUES ('PointsTriggerTester',20);
INSERT INTO "claims" (userName,rewardName,OName,RName,branchID,claimDate,claimTime) VALUES ('PointsTriggerTester','Holiday Giveaway','Winter Sashimi Set','Itacho Sushi','Tampines','2019-12-20','16:00');

INSERT INTO "useraccount" (username,email,password) VALUES ('PointsTriggerTester2','do2esthiswork@gmail.com','123123');
INSERT INTO "customer" (username,awardPoints) VALUES ('PointsTriggerTester2',40);
INSERT INTO "claims" (userName,rewardName,OName,RName,branchID,claimDate,claimTime) VALUES ('PointsTriggerTester2','Holiday Giveaway','Winter Sashimi Set','Itacho Sushi','Tampines','2019-12-20','16:00');